{
  "features": [
    "pitcher_diff",
    "pitcher_season_diff",
    "pitcher_recent_diff",
    "offense_diff",
    "bullpen_diff",
    "pyth_diff",
    "home_home_pct",
    "away_road_pct",
    "park_factor",
    "home_pitcher_combined",
    "away_pitcher_combined",
    "home_offense",
    "away_offense",
    "home_bullpen",
    "away_bullpen",
    "home_pyth",
    "away_pyth",
    "home_pitcher_ip",
    "away_pitcher_ip"
  ],
  "means": [
    -0.21483017312448474,
    -0.15380461665292658,
    -0.30636850783182185,
    0.000346248969497097,
    0.0029060181368507996,
    -1.1489416214863828e-05,
    0.5215366859027193,
    0.47837675185490386,
    1.0077370156636423,
    57.12045177246498,
    57.335281945589294,
    42.64166529266334,
    42.64131904369371,
    66.77056059357005,
    66.7676545754333,
    0.500222959604287,
    0.5002344600164876,
    72.2906018136852,
    72.27205276174769
  ],
  "stds": [
    16.994740217739082,
    12.888573215507105,
    27.14373650805158,
    10.402938925960267,
    8.214681617049182,
    0.10921090701128856,
    0.07777379960878411,
    0.08523071750025252,
    0.069937188330826,
    11.999696263414481,
    12.212738420737882,
    7.254562849699351,
    7.253031244503429,
    5.645576869135928,
    5.642434850730497,
    0.0744227779711005,
    0.07437363328884224,
    48.30498987554054,
    48.10209123343155
  ],
  "lr_weights": [
    0.022093049785367642,
    0.08384018860879715,
    -0.025133109784922267,
    0.01803883149908532,
    0.05130854365949383,
    0.04132859552977854,
    0.028692973981607844,
    -0.03435774417231011,
    -0.018768141716015565,
    0.024102558815742005,
    -0.007061664123868246,
    0.03026163355783063,
    0.0043951362023069845,
    0.03224767497007725,
    -0.04243320992385601,
    0.042535508432159905,
    -0.018138221701712687,
    0.004375034206061313,
    0.0029117081270123735
  ],
  "lr_bias": 0.17694644345697258,
  "gb_trees_count": 400,
  "gb_base_pred": 0.17355884775522343,
  "gb_lr": 0.03
}